<?xml version="1.0" encoding="UTF-8"?>
<!DOCTYPE hibernate-configuration PUBLIC
        "-//Hibernate/Hibernate Configuration DTD 3.0//EN"
        "http://www.hibernate.org/dtd/hibernate-configuration-3.0.dtd">
<hibernate-configuration>
    <session-factory>
        <property name="connection.driver_class">org.postgresql.Driver</property>
        <property name="connection.url">jdbc:postgresql://localhost:5432/empresaexamen</property>
        <property name="connection.username">empresa</property>
        <property name="connection.password">pass123</property>
        <property name="connection.pool_size">5</property>
        <property name="dialect">org.hibernate.dialect.PostgreSQLDialect</property>
        <property name="current_session_context_class">thread</property>
        <property name="show_sql">true</property>
        <property name="hbm2ddl.auto">create</property>
        <mapping class="ordatabase_raul1b.entity.Employee" />
        <mapping class="ordatabase_raul1b.entity.Commercial" />
        <mapping class="ordatabase_raul1b.entity.Sellers" />
    </session-factory>
</hibernate-configuration>
