<odoo>
    <data noupdate="1">
        <record id="sala_principal_1" model="sala_reuniones_raul.sala_reuniones">
            <field name="name">Sala 1</field>
            <field name="descripcion">sala principal de reuniones de la planta uno.
            </field>

        </record>
        <record id="sala_sec_1" model="sala_reuniones_raul.sala_reuniones">
            <field name="name">Sala 2</field>
            <field name="descripcion">sala secundaria de reuniones de la planta uno.
            </field>
        </record>
        <record id="sala_principal_2" model="sala_reuniones_raul.sala_reuniones">
            <field name="name">Sala 3</field>
            <field name="descripcion">sala principal de la planta dos.</field>
        </record>
        <record id="sala_sec_2" model="sala_reuniones_raul.sala_reuniones">
            <field name="name">Sala 4</field>
            <field name="descripcion">sala secundaria de la planta dos</field>
        </record>

    </data>
</odoo>