<?xml version="1.0" encoding="UTF-8"?>
<curs>
    <modul>
      <nom>Accés a Dades</nom>
      <hores>6</hores>
      <qualificacio>8.45</qualificacio>
    </modul>
    <modul>
      <nom>Programació de serveis i processos</nom>
      <hores>3</hores>
      <qualificacio>9.0</qualificacio>
    </modul>
    <modul>
      <nom>Desenvolupament d'interfícies</nom>
      <hores>6</hores>
      <qualificacio>8.0</qualificacio>
    </modul>
    <modul>
      <nom>Programació Multimèdia i dispositiud mòbils</nom>
      <hores>5</hores>
      <qualificacio>7.34</qualificacio>
    </modul>
    <modul>
      <nom>Sistemes de Gestió Empresarial</nom>
      <hores>5</hores>
      <qualificacio>8.2</qualificacio>
    </modul>
    <modul>
      <nom>Empresa i iniciativa emprenedora</nom>
      <hores>3</hores>
      <qualificacio>7.4</qualificacio>
    </modul>
</curs>
