id,name,model_id:id,group_id:id,perm_read,perm_write,perm_create,perm_unlink
base_reuniones,sala_reuniones_raul.reuniones,model_sala_reuniones_raul_reuniones,base.group_user,1,0,0,0
base_sala_reuniones,sala_reuniones_raul.sala_reuniones,model_sala_reuniones_raul_sala_reuniones,base.group_user,1,0,0,0
manager_reuniones,sala_reuniones_raul.reuniones,model_sala_reuniones_raul_reuniones,manager,1,1,1,1
manager_sala_reuniones,sala_reuniones_raul.sala_reuniones,model_sala_reuniones_raul_sala_reuniones,manager,1,1,1,1
base_wizard,sala_reuniones_raul.wizard,model_sala_reuniones_raul_wizard,base.group_user,1,0,0,0
manager_wizard,sala_reuniones_raul.wizard,model_sala_reuniones_raul_wizard,manager,1,1,1,1
base_wizard,sala_reuniones_raul.wizard_disponible,model_sala_reuniones_raul_wizard_disponible,base.group_user,1,0,0,0
manager_wizard,sala_reuniones_raul.wizard_disponible,model_sala_reuniones_raul_wizard_disponible,manager,1,1,1,1
