<?xml version="1.0" encoding="UTF-8"?>
<!DOCTYPE hibernate-configuration PUBLIC
		"-//Hibernate/Hibernate Configuration DTD 3.0//EN"
		"http://www.hibernate.org/dtd/hibernate-configuration-3.0.dtd">
<hibernate-configuration>
    <session-factory>
        <property name="connection.driver_class">com.mysql.jdbc.Driver</property>
        <property name="connection.url">jdbc:mysql://localhost:3308/school</property>
        <property name="connection.username">root</property>
        <property name="connection.password">root</property>
        <property name="connection.pool_size">5</property>
        <property name="dialect">org.hibernate.dialect.MySQL5InnoDBDialect</property>
        <property name="current_session_context_class">thread</property>
        <property name="show_sql">true</property>
        <property name="hbm2ddl.auto">update</property>
        <mapping class="org.raul.conversor.entities_mysql.Asignatura"/>
        <mapping class="org.raul.conversor.entities_mysql.Aula"/>
        <mapping class="org.raul.conversor.entities_mysql.Curso"/>
        <mapping class="org.raul.conversor.entities_mysql.Estudiante"/>
        <mapping class="org.raul.conversor.entities_mysql.Horario"/>
        <mapping class="org.raul.conversor.entities_mysql.Profesor"/>
    </session-factory>
</hibernate-configuration>
